Comment,Sentiment,Emotion,Spam
These TED TALKS.. are worth watching in this time of pandemic.,positive,Joy,0
This presenter has a very warm and appealing voice and manner.,positive,Joy,0
"Well hereâ€™s the question: how can we have a good relationship with others? Some people are so lucky that they are born in a family full of love. For those who werenâ€™t, Loving themselves and other people, creating a good relationship seem so much harder...",neutral,Sad,0
A young fisherman is singing to his kids while sitting on the dock. A business man comes by and sees a half empty bucket of fish. He goes to the fisher and says â€œwhy arenâ€™t you fishing?â€ The young man says â€œIâ€™ve fished enough to feed my familyâ€. The business man says â€œyou should fish moreâ€. The young man says â€œfor what?â€ The older man says â€œso you can buy a bigger boat and catch more fishâ€. The young fisher says â€œthen what?â€. The older man says â€œso you can have enough money to start a companyâ€ â€œthen what?â€ Says the young man. â€œThen you can have enough money to have a huge businessâ€. Again the young man says â€œthen what?â€ The older man replies â€œthen you can retire and enjoy life by the sea with your childrenâ€ the young man says â€œwhat do you think Iâ€™m doing now?â€ And resumes his singing.,neutral,Neutral,-2
"To those who are saying they are alone and this video makes them sad, read this. Being alone and being lonely are two very different things. 

Alone: having no one else present; on one's own.",neutral,Neutral,-2
"The study: ""It turns out that people who are more socially connected [...] are happier, they're physically healthier and they live longer, than people who are less well connected.""

Me: Laughs in Introvert",positive,Neutral,-2
"Women in the audience are like""Why only men?""",negative,Anger,0
This study is a reminder that social connection is critical to our physical and emotional health. It's particularly important during this Covid-19 pandemic.,neutral,Neutral,-2
"This is so true. Here in Japan we have one of the highest suicide rates. We are working 24-7 to chasing money, we are on our phones and computers watching internet, thereâ€™s very little socializing and no real connection with anybody. Our society has become sick and lost.",neutral,Sad,0
"Money won't buy you happiness, but the lack of it can buy you misery.",neutral,Sad,0
"I donâ€™t understand why we donâ€™t learn about this in school. Itâ€™s just as important as everything else, if not more. (UPDATE: IT SEEMS LIKE YALL LEARN THIS IN SCHOOL. AWESOME. I LIVE IN SOUTH AFRICA AND WE DON'T LEARN THIS AT ALL. THANKS FOR THE ENGAGEMENT)",negative,Neutral,-2
i can attempt to save the world but I must first save myself.,neutral,Neutral,-2
"People give up so easily on one another these days. They want something that is always fun and exciting and never bother to invest time on people who really matter. If we just stuck by the people we cared about, were honest, loyal and good communicators, life would be better. Invest time in quality people and stop chasing superficiallty.",neutral,Sad,0
this guy has such a calming and gentle voice,positive,Joy,0
Still - Better off alone that in bad company,neutral,Sad,0
I want better relationships with people but my social anxiety is stopping me,neutral,Sad,0
" wow, that came suprising...now I will learn HOW to get those relations ? nah.... thats a study.. not a guide..",neutral,Neutral,-2
"I love that new comments keep adding to it actively. To know that people are listening to it, taking in the information and wisdom, some of us (like myself) keeps coming back to it too. This is such a simple life lesson and yet often so hard to learn. It's the people, not the materials, that truly counts.",positive,Joy,0
"Wow! This is why one should never rush into relationships. You donâ€™t necessarily need to marry in your 20s or even 30s. Marry when you are actually ready and can fully devote yourself to that one person.
He is right, relationships do affect your health, physical and mental.",neutral,Neutral,-2
It's easy CNN just do your job and actually report... For those who are fearful of the rise of number just Google Covid-19 US. Look at the chart and the case to death ratio. It's lower.,neutral,Neutral,-2
This is not really baseless. Doctors have come out and said that people are taking advantage of the system by saying a person died who had COVID died because of it even if the reason they died was because of something else,neutral,Neutral,-2
Trump 2020  Best president in my lifetime of looking great people donâ€™t pay attention to the fake news media all we have to do is vote,positive,Joy,0
"True they only allowed 250 ppl in the rally with social distance, but there were thousands of Trump supporters standing outside of the rally shoulder to shoulder even they can't get in. So what is the point of not letting them in...",neutral,Sad,0
"Did anyone hear about the American hostage saved in Niger ğŸ‡³ğŸ‡ªğŸ¤” NO
Howâ€™s beau bergdahl doing ğŸ¤”",negative,Neutral,-2
"The entire system is based on a lie.
I don't believe lies
Voting is a lie and if you don't think so read and learn THE ACT OF 1871.
The news is a lie",negative,Anger,0
"GO AFTER THE CREATORS OF THE VIRUS, THE LAB, AND THE * PATENT * !!!",negative,Anger,0
That is true,neutral,Neutral,-2
President is trailing?ğŸ¤£ğŸ¤£ğŸ¤£ğŸ¤£ğŸ¤£ lib please ğŸ¤£ğŸ¤£ğŸ¤£,positive,Joy,0
Liars...they have been social distancing and wearing masks at  EVERY rally!,negative,Anger,0
"If doctors are paid more, why hasnâ€™t Trump done anything about it? If he cared, youâ€™d think heâ€™d do something more than whine about it.",negative,Anger,0
"Why isn't Biden wearing a mask?! He says everyone must wear a mask all the time even at home, and that if elected he's going to use force to make sure that happens. So why isn't he wearing one?",negative,Anger,0
Biden verbally provoked North Korea in the last presidential debate,negative,Anger,0
"Biden: I'm not going to shut down the economy, I'm going to shut down the virus!
Reporter: how do you plan to shut down the virus?
Biden: by shutting down the economy! ğŸ¤¡",neutral,Joy,0
Its not a conspiracy..... Cdc said themselves the hospitals do get paid more as the influx of patients surge. So please fear monger more with false news. You know just the other mo the y'all said the president should follow the professionals but who is ignoring the professionals with the professional numbers and facts now. Oh wait CNN to meet their radical narritive. FYI I didn't vote for trump.,neutral,Neutral,-2
Not a snowball's chance in hell Biden!!,negative,Anger,0
The level of deceit from the trumps is astonishing. They will say absolutely ANY LIE NO MATTER HOW ABSURD. trump truly is the anti-christ if there is such a THING!,negative,Anger,0
"The cares act created a 20% premium/addon for covid-19 medicare patients. It's a straightforward, garden-variety pneumonia that a person is admitted to the hospital for â€“ if they're Medicare â€“ typically, the diagnosis-related group lump sum payment would be $5,000. But if it's COVID-19 pneumonia, then it's $13,000, and if that COVID-19 pneumonia patient ends up on a ventilator, it goes up to $39,000. Dont delete this CNN, thanks.",neutral,Anger,0
Plandemic,neutral,Neutral,-2
Good I Hope Trump Wins and Libs Cry Again ğŸ¤£,positive,Joy,0
"CNN is spreading lies. And the people know that the numbers have been wrong all along. Even when the my admit to the numbers being wrong and explain how they got those numbers, ignorant people and cnn ignore it",neutral,Anger,0
Trump/Pence 2020!!!!,positive,Sad,0
"""Unbais news source"" LMAO bunch of clowns",negative,Anger,0
Laura Ingraham is not as stupid as the viewers she's lying to.,negative,Anger,0
"I swear, CNN is so ignorant! Haha So only Trump spreads conspiracies? Hmm...interesting...",negative,Anger,0
"For France 24 and the people in it who despise America and for what it stands for, you are obsessed with who's gonna win...!! why is that...!! maybe you rather have this bully than the Chinese one...",negative,Anger,0
"Piers Morgan again trashed Trump on his dopey show Good Morning Britain. He said Trump called him and spoke with him for 30mins a few days ago. Then he proceeded to trash Trump. Weak. The UK won't extradite Christopher Steele. Boris, MI6, the BBC, Piers Morgan - they all want Trump and America to lose.",neutral,Neutral,-2
BBC is pro-Islamist,positive,Neutral,-2
"Fact check: There are a few other democracies that use an electoral college system to pick their president! But what sets the US apart from them is the presidentâ€™s role. In many countries, the president is less important than the prime minister, or shares power with the prime minister, or is purely a figurehead. But in the US, the president holds all the executive power â€” theyâ€™re the head of government AND the head of state. And there are lots of other presidents like that around the world, but theyâ€™re almost always elected by popular vote or by a national legislature. No other democracy follows the USâ€™s example of using an entirely separate body of â€œelectorsâ€ to pick the countryâ€™s sole leader.",neutral,Neutral,-2
Itâ€™s like every 4years they have to explain this to us,neutral,Neutral,-2
"TIMES tomorrow ""YOU ARE FIRED""",negative,Anger,0
Twice in 20 years and only been three presidents in that time frame?.. I'd say that's high odds lol,neutral,Neutral,-2
The shocking thing for me is that voting is a choice in America. For us here in Australia voting is compulsory and you can be fined for not voting.,neutral,Neutral,-2
"And, if I am not mistaken, the electoral can still decide to vote differently than what the state's popular vote dictated. They may be fined, but it is a slap on the wrist kind of thing with not real consequence.",neutral,Sad,0
"â€œThe electoral college is a disaster for a democracy.â€ â€“ Donald J. Trump, November 6, 2012",neutral,Sad,0
"As an Indian, American elections have always seemed to be very complicated. Thanks to this video now I understand most of it. We follow the First Past the Post system. The whole country is divided into constituencies of almost same population & candidate with most votes wins a constituency. Finally the party with most such Constituency wins forms the govt.",neutral,Neutral,-2
Too complicated to elect a president democratically,negative,Sad,0
.....and yet they say that the Indian's marriage concept is confusing.,negative,Sad,0
i swear Americans complicate things too much that they don't even understand what they created.,negative,Anger,0
Presidential candidates: Your vote matters!,neutral,Joy,0
Do you all recall there was a time when we all wanted to go to USA and live the American dream? Yeah.... how the turn have tables,negative,Sad,0
"The thing I find interesting is how many people believe the US is a democracy. Though thought of as an idea for our government system ultimately they decided against it. Noting that several other governments who had used the system failed in the end. Therefore the founding fathers decided to go with a Representative Republic. So the US isn't really a democracy at all, it's a republic. Hence why we don't vote presidents in with popular vote and instead we use the Electoral College.",neutral,Neutral,-2
I like how people are not caring about the polls this year as much,neutral,Joy,0
The whole reason it exists is keep smaller states relevant in an election.,neutral,Neutral,-2
This is a terrible way to decide who becomes King of the Jungle,negative,Anger,0
"good arguments for changing to a popular vote - but understand that itâ€™s â€œWinner takes it allâ€ thatâ€™s the real culprit, and not the EC itself.",neutral,Neutral,-2
America is just built different,neutral,Neutral,-2
Every time i watch this video it makes me absolutely furious that America is incapable of being a democracy,negative,Anger,0
What I donâ€™t understand is why electoral college votes arenâ€™t distributed according to the percentage of votes for each candidate?,neutral,Neutral,-2
So your telling me that the electionâ€™s outcome is determined by the Florida Man? ğŸ˜‚,neutral,Joy,0
"I'm a Brazilian and don't know much about America's Election System, but what I think is more weird is the ""winner takes all"" rule, that simply ignore millions of people",neutral,Sad,0
"The electoral college is outdated. We no longer live in the 1700â€™s, we no longer count a black man as 3/8ths of a man, so why are we still utilising it... because it tends to benefits the corrupt, the  â€œtail wagging the dogâ€! Every citizens vote should count equally. This is the only way to create equality, which is supposedly what the US is all about.... in reality... not so much.",negative,Anger,0
Americans make things complicated...,negative,Anger,0
So this is why our votes donâ€™t actually matter...,negative,Sad,0
Imagine if Trump wins the popular vote on election night and Biden wins the electoral college. That would be really awkward.,neutral,Joy,0
Popular vote should win the election.,neutral,Neutral,-2
"no wonder americans dont vote, if my country had a system like that, I wouldn't bother either.",negative,Sad,0
European laughs in democracy,positive,Joy,0
America is a mess.... - The rest of the World,negative,Anger,0
HONG KONG FOR BIDEN!! ğŸ’™ğŸ’™ğŸ’™ğŸ’™ğŸ’™ğŸ’™ğŸ’™,positive,Joy,0
Wow my vote really doesnâ€™t count but itâ€™s encouraged to go out and vote ğŸ˜‚ some kind of f*** up riddle if you ask me,negative,Joy,0
"""democracy""? Electoral colleges are weird.",negative,Anger,0
I always laugh to myself when someone says voting day is the one day every American is equal.,negative,Joy,0
Even if you think your vote wonâ€™t matter......STILL VOTE!!!!!,negative,Neutral,-2
Iâ€™ve always had a bad feeling about the electoral college when we were first introduced to it in high school. I just felt like a popular vote ğŸ—³ makes more sense.,neutral,Neutral,-2
"The whole system is flawed, mob rule isnt always the best answer.",neutral,Sad,0
We need to REMOVE/UNDO the electoral college and totally go to regular voting for a truly democratic election process.,neutral,Neutral,-2
you can be elected as president with 21.9% of the popular vote... yea thats democracy...,negative,Neutral,-2
It's almost like some people having a reduced vote is preferable to some people having virtually no vote.,neutral,Neutral,-2
So basically the whole system is a design by terms of Inequality ... Some people have an advantage because of their skin color and others are advantages by geographical superiority  and then of coarse there's still the possibility where the whole thing is vulnerable to Corruption ..... Halarious !!!!,negative,Anger,0
Maryland wasnâ€™t for or against slavery.,negative,Anger,0
"I'm not living in US, but I've learnt how this works four years ago. I was just shocked that Clinton was not elected President despite winning popular vote. It's not hard to understand how it works, but it's just against common sense to me.",neutral,Neutral,-2
"Ok so here's the question, how do we get rid of this ridiculous electoral college?!",negative,Neutral,-2
dEmOcrAcY.,negative,Neutral,-2
Press like if after watching you still â€˜no comprendoâ€™ ğŸ˜,neutral,Neutral,-2
They need to get rid of the electoral college vote.,negative,Neutral,-2
The electoral college legit makes the election play out like a weird strategy board game. That's fun and all for a board game but not for deciding the most powerful person in the country.,neutral,Sad,0
"If you do not understand how the Electoral College works, then you cannot possibly understand what is going on in this nation.",neutral,Neutral,-2
"hey friends! no new video today! i have 3 videos filmed that i just need to edit, i just havenâ€™t had time to edit them this week with all my homework!!! iâ€™ll get them up sometime next week as fun little bonus videos:)",neutral,Joy,0
"Thanks vox, this is a rigged and unfair system. How can a few citizens votes be more worth than others ?",negative,Anger,0
"I love how all of these election videos are sponsored by vodka, weâ€™ll need it soon.",positive,Joy,0
Republicans wanna keep electoral college because it favors them. Democrats wanna remove it because it hinders them. So letâ€™s find a middle ground and compromise.,neutral,Neutral,-2
Time really fliesğŸ˜‚ I remember 4 years ago I was watching all these videos about explaining the elections,neutral,Joy,0
Racism is embedded into voting,neutral,Sad,0
"Elctoral college: removed 
Wyoming voter: Why bother? NY and LA will decide everything from now on.",negative,Anger,0
"""In america we do it a little diffrently""
What a underestimation.",negative,Joy,0
Presented by absolut vodka? ğŸ˜‚ make sense since voting is now like a drunken bar fight,negative,Joy,0
And thatâ€™s one of the million reasons why USA canâ€™t be called a democracy,neutral,Sad,0
Popular voting is when the 3 wolves and one lamb vote on what to have for dinner.,neutral,Neutral,-2
Theres a reason we have it... a pure democracy has been described as 2 wolves and a lamb deciding whats for dinner.,neutral,Neutral,-2
Thereâ€™s everyone else in the world then there is America...,neutral,Neutral,-2
Yep. thanks Absolut. Nothing like using your poor quality vodka to drown away our sorrows and forget about all the pain we've experienced and are yet to experience long after election day. Cheers!,negative,Joy,0
Gives us a video on basically how some peopleâ€™s votes are worthless and then tells us to go vote ğŸ˜‚,negative,Joy,0
"If slaves could vote, the slavery wouldn't end. Muh democracy.",neutral,Anger,0
Abolish electoral college.,negative,Anger,0
"Remember, everywhere else the term for ""the popular vote"" is just ""THE VOTE"".",neutral,Neutral,-2
This is exactly why we need to educate our future generations about the electoral college. This was put into place to give the smaller states equal representation in our election process. It helps by not allowing a state like California to control the election with such a large population. This gives us checks and balances in our government.,neutral,Neutral,-2
ğŸ˜‚ As a Russian this is fun to watch. Until I remember that I live in America now ğŸ˜³,positive,Joy,0
"I am a citizen of Japan, and it is so incredibly well made.",positive,Joy,0
Everybody didnâ€™t learn this in 4th grade like I did?,neutral,Sad,0
"somebody actually mentioned Vermont, I didn't know that was possible",neutral,Neutral,-2
"Every election, the losing party will want the electoral college done away with, while the winning party says it is a cornerstone of American democracy. Then 4 years later, the roles reverse when the party that lost originally now wins. Itâ€™s a never ending cycle",neutral,Sad,0
I call this High Level Advanced rigging (those people can easily be bought). So basically people don't choose their own president. How on earth is this a democracy?,negative,Sad,0
Moral of the story is if you vote Democrat in a red state or vice versa you might as well wipe yourself with your ballot and flush it down the toilet.,negative,Anger,0
"""...sponsored by Absolut"" Yes, because no matter the result, we will ALL need a drink afterwards!",negative,Neutral,-2
"""Thus without corrupting the body of the people."" - Alexander Hamilton, Federalist No.68",neutral,Neutral,-2
I'm from Wyoming and today I'm voting for Joe Biden.,positive,Neutral,-2
"Each time US elections happen, I try to refresh my understandings of its election system. Belive me, I think I got it but then I leave it at it.",neutral,Neutral,-2
"After listening for five minutes I realize I would never understand, I move on and wait for Trump.",neutral,Neutral,-2
The â€œcountry of freedomâ€ doesnâ€™t even have a direct democracy ğŸ¤¦â€â™‚ï¸,negative,Sad,0
"After watching tons of vids about electoral college, my confusion came down from 99% to 96. Good job vox.",positive,Neutral,-2
"So when people say ""Not my president"" it's because they're not actually your president.",neutral,Neutral,-2
It needs to be eradicated.  No person should have 3 million more votes and lose the election.....,neutral,Sad,0
Ahh thank you so much for this â¤ï¸,positive,Joy,0
I literally just watched this video in my AP macroeconomics class last period,neutral,Neutral,-2
"""In america we do it a little different""",neutral,Neutral,-2
"Every democracy : one vote,one value
America : we don't do that here",neutral,Neutral,-2
"If more people knew about this, they wouldnâ€™t vote cause they know their vote doesnâ€™t matter at the end of the day.",neutral,Sad,0
Justin Trudeau won the last election with less individual votes than his opponent,neutral,Neutral,-2
"I have an idea. Make the election only winnable by popular vote. Also increase the number of polling stations. Let people have to do a retinal scan, fingerprint scan, enter SSN #, show  ID, and enter a password to vote. Let them be able to vote in whatever state as well. No mail in ballot nonsense everything computerized and easy for the American people. It's 2020 make it easier for people.",neutral,Neutral,-2
The President Election Only Matter If Florida Votes,neutral,Neutral,-2
"Here in Iran, the supreme leader decides who will win an election!",negative,Anger,0
I need VODKA to understand this,negative,Joy,0
Whoever did the data visualization part in the video deserves a medal.,positive,Joy,0
Maine and  Nebraska are different.  They allocate the first two Electoral College  (representing the Senators) go to the overall state winner.  The other Electoral College votes are allocated to the Presidential winner of each congressional district.  Note in 2016 one of Maine's  EC votes was assigned to President Trump.,neutral,Neutral,-2
Me in laughs In Middle Eastern Monarchy without no voting system,negative,Sad,0
"â€˜If Voting Made a Difference, They Wouldnâ€™t Let Us Do Itâ€™",negative,Sad,0
"Intel now compete in APUs which is great news as it is competition. """,neutral,Joy,0
when the desktop version would be launched?,neutral,Neutral,-2
When is the Xe dropping?,neutral,Neutral,-2
And that 2 core i3... my oh my. Can you compare it to any Pentium U laptop when if get a laptop with it?,neutral,Neutral,-2
Love your work. More balance with a professional English spin.,positive,Joy,0
"When you're not ready to make a review, why not wait?",neutral,Sad,0
OK~ THEN WHEN CAN I BUY IT>?,neutral,Neutral,-2
So when is it coming out? I have been holding off for three years now. I think it is time,neutral,Neutral,-2
"I like your way of presentation, hope to see you up to 1M soon",positive,Joy,0
And AMZ releases a new CPU. Bye Bye this laptop.,neutral,Neutral,-2
Anyone knows when laptops usually drop in price?,neutral,Neutral,-2
great video ... let you my usual thumb up rating as a 'thank you' for posting.  stay safe there - i am here in san francisco.,positive,Joy,0
"Don't care

I'm buying Ryzen",neutral,Neutral,-2
Waiting for your Apple watch SE video ğŸ”¥,positive,Joy,0
That glitch effect ar the ending,neutral,Sad,0
Plz do consider reviewing Lenovo ideapad s540 amd 13 pro,neutral,Neutral,-2
"it'd be awesome to see this in the gpd win max with 11th gen, imagine the power. but the price...",positive,Joy,0
"If you wanted to compare Intel vs amd you should have taken the ryzen 9 4900 hs for laptop or atleast the ryzen 7 4800h as the 4800u is the not a 36w unit and comparing is kinda unfair
Plus the 4266 ram also would have had some influence in the performance so it's not a very apples to apples comparison anyway",neutral,Neutral,-2
"I'm an architect, and I'm looking for a new laptop, would this new laptop work for me? I use it a lot for rendering, and 3d programs.  If not, which could you recommend?",neutral,Neutral,-2
"Honestly, my next laptop will be a ryzen. Intel seems to be holding off improving their chips, amd is just better in most ways",neutral,Joy,0
Wait wait & wait donâ€™t buy  & again wait :) this goes on,negative,Neutral,-2
It's always good to see your videos. Good videos with great content.,positive,Joy,0
"Thanks, AMD.",positive,Joy,0
"Really good stuff,keep it coming .",positive,Joy,0
Now it's all about the cooling system that I care the most,neutral,Neutral,-2
Just receive my new laptop to day ...,positive,Sad,0
WHERE'S THE SURFACE DUO REVIEW??,neutral,Anger,0
Me with my XPS 15 2020: ğŸ‘ğŸ’§ğŸ‘„ğŸ’§ğŸ‘,neutral,Neutral,-2
You know i just bought a laptop last week,neutral,Sad,0
Iâ€™ll be honest..... I could have watched this video 14 hours ago when I bought my new laptop.... now I got to return it,negative,Sad,0
Great... just ordered at $2500 HP ZBook Firefly G7 last week! ğŸ¤¦â€â™‚ï¸,negative,Sad,0
4 core i7 and i5 still in this age wtf,negative,Anger,0
I'm asking in general if I had to buy a laptop that is cheap and fast enough like around i5 or ryzen chip of the same speed or something which one should I buy I was really attracted towards samsung galaxy book flex alpha,neutral,Neutral,-2
You look like sheldon cooper from Big Bang theory,neutral,Neutral,-2
Looks similar to the asus UX435EGL/EAL.. Comparison please!,neutral,Neutral,-2
"Im waiting for a new laptop since 2014
Pls im tired",negative,Sad,0
"How about, hear me out here, you wait for the next gen ryzen laptops instead",neutral,Joy,0
First!!!,neutral,Joy,0
When is the Swift 5 coming?,neutral,Neutral,-2
I am planning to buy a new laptop? seems like its not the best time I guess XD,neutral,Joy,0
AMD screwed up by not having any mobile chips available to actually sell laptops.,negative,Anger,0
when will the first tiger lake laptop's come out?,neutral,Neutral,-2
11th gen is gonna beat amd 4000 series very ez,positive,Joy,0
"Now my dream laptop- Surface book 4, 13.5 inch with new 11 gen including new Iris Xe in the tablet and new 3050 Nvidea gpu in the base. ğŸ˜",positive,Joy,0
"please, compare its gaming performance with i5-8305G",neutral,Neutral,-2
"Another great video thanks! Iâ€™ve become a subscriber and avid fan of the channel as Iâ€™m looking to buy a creator laptop capable of 1080p/light 4K editing and thanks to you Iâ€™ve discovered the MSi range and some other manufacturersâ€™ models that have stopped me simply buying an unsuitable laptop from my local pc superstore.  Iâ€™m holding off in anticipation of new models between now and December. However, Iâ€™m imagining these 11th gen processors and the Xe graphics are more likely to be strong competition for 11â€-14â€ Ultrabooks with integrated or MX series graphics rather than the 15â€ 6 core GTX series laptops Iâ€™m looking at. Do you agree? Should I still be looking for a 10th gen i7 H or U series powered machine in the larger form factor or do you think any of the 11th gen powered 14â€ laptops eg from MSi or Asus might now be viable (and not overheat & throttle)?",positive,Joy,0
I want it to come out tomorrow ğŸ˜­ğŸ˜­ğŸ˜­ğŸ˜­ğŸ˜­ğŸ˜­ğŸ˜­,neutral,Sad,0
Any idea on pricing?,neutral,Neutral,-2
Hope it's a 144hz screen!!!,neutral,Joy,0
How does it feel when it's actually in your laptop with the raised bit?,neutral,Sad,0
the usb adapter witch we see at 4:19 is it connected to both usb c? if not do you know if dongle like that exist also for msi instead of apple?,neutral,Neutral,-2
"Great video as usual Tom ğŸ‘ I am looking forward to Zephyrus G14 or HP Omen 15 (Ryzen 5, 1650Ti). And these Tiger lake powered laptops seems a great deal, but if you're asked to pick one from G14 or Omen 15, which one would you suggest !? Also, will we be able to see Tiger lake powered Acer Swift 3/5 and HP Envy 13/15 ? please let us know if you have anything ! Peace âœŒï¸",positive,Joy,0
Every time I wait amd comes out with something better,positive,Joy,0
I want to buy at end of the year but I feel like the 3000 Mobile series will be god tier and that releases next year at best,positive,Joy,0
This IGPU has the same performance in a i3 11 gen?,neutral,Joy,0
Yo ! how many Kidneys for this one ğŸ˜…,neutral,Joy,0
Portugal Caralho! 1:24,neutral,Neutral,-2
I bought one on the cheap with a 10th gen H series processor and a great graphics card. Couldnâ€™t have gotten the same very expensive laptop without it being so close to 11th gen Intel. So Iâ€™d say the opposite.,negative,Sad,0
seems like for the most cases there won't be a need for the mx450.. thanks!,positive,Joy,0
My wallet clicked this video,neutral,Neutral,-2
Love your video tech champ you deserve a 1 million subs,positive,Joy,0
"To late : i7 10750h , rtx 2070s and 32gb ram",neutral,Sad,0
"I'm sure, it will going to be ridiculous expensive again.",negative,Anger,0
Is it worth waiting for the Dell XPS 2020 13 inch to get tiger lake?,neutral,Neutral,-2
"I wonder hows the price gonna be ... I just bought a Yoga Slim 7 with 4500U, its arguably the best latop for its price in our country and I love it",positive,Joy,0
"Cams here to see the video, realised it's Intel after reading the full title, and stopped. Bye Bye. Don't want Intel, just because they have been fleecing their customers all along.",negative,Anger,0
I think you missed a big opportunity to run an egpu on the built in thunderbolt 4!  Can you make a video about this?,neutral,Neutral,-2
Selling my MSI Titan GT75 8RG for 1500 CAD this morning for the RTX3080 but might hold off till pay day sell the laptop and get a new laptop hmmmmmmmmmmmmmm pre build or laptop hmmmmmmmm,neutral,Neutral,-2
"Switches to battery saving mode.
Battery life goes down.
LOL. Windows, go home, you're drunk.",negative,Anger,0
"I see this will be great for laptops and small amounts of gaming on laptops but for us pc builder's I think I'll look elsewhere I'm not liking the specs, it's sounds like a great time for lower spec laptops thou",neutral,Neutral,-2
"How was the ""laptop's"" trackpad? Does the cursor still move after you stop moving your finger?",negative,Anger,0
I want to buy Lenovo thinkpad x1 extreme you think I should should wait for 11th gen ? When would x1 extreme come out with 11th gen ?,neutral,Neutral,-2
AMD needs 7nm to beat intelâ€™s 10nm,neutral,Joy,0
How do you get pre-release products?   That's really cool.,positive,Joy,0
4C/8T? No thanks.,neutral,Sad,0
"Like the idea of game drivers by game, save a lot of bloatware.",positive,Joy,0
I need a new laptop in less than 2 months...Should I wait for this or should i buy a Ryzen based laptop now?,neutral,Neutral,-2
We had a great taste of what to expec 1:09.ğŸ˜„ğŸ˜„,positive,Joy,0
"Hold ye horses, rtx 3000 series with 11th gen intel just around the corner.",neutral,Neutral,-2
what is predicted price and for summit e 14 too !?ğŸ¤”,neutral,Neutral,-2
Notification crew assemble ğŸ’š,positive,Joy,0
"So Fortnite lags on a 16 Gb DDR4-4100Mhz eith 8 core cpu at <14 nm technology grom 3 Ghz intel cpu and with nvidia >2Gb GDDR5 Ram.

Fortnite is a Windows 10 that just want to eat your money and pc",negative,Anger,0
"one or two bugs
shows catastrophe of a computer",negative,Sad,0
Came here for searching right now,neutral,Neutral,-2
why are you giving me the intel shill vibe?,negative,Sad,0
Great i just bought an xps 13 9300 like a week ago,negative,Sad,0
"Hey Tom, next opportunity you have with a Xe graphics based computer, could you also test the game Cities Skylines? This is a favourite of mine but requires dedicated graphics. It barely runs on my intel graphics 4000, and it doesn't render the assets correctly. I'm curious if the new integrated graphics Xe are capable of rendering it. Thanks.",positive,Neutral,-2
what a sexy design wow,positive,Joy,0
Just received my laptopğŸ˜“,negative,Sad,0
"Yeah you can buy, intel has nothing on those renoir laptops",negative,Anger,0
Know any laptops that will come out with 11th generation soon?,neutral,Neutral,-2
Intel: Fossil Lake,negative,Anger,0
"Linus: Intel you suck, you lost
Intel: Let's sponsor Linus",negative,Neutral,-2
Lisa Su is every gamer's mom at this point,neutral,Neutral,-2
"Linus: ""Intel lost the game""
Linus again 3 days later : THIS VIDEO IS SPONSORED BY INTEL. INTEL MAKES THE HIGHEST QUALITY PROCESSORS IN THE WORLD. WHEN IT COMES TO GAMING, INTEL IS THE BEST. CHECK OUT LTTSTORE BY THE LINK GIVEN BELOW!",negative,Neutral,-2
"Intel : we change our CPU's name
AMD: we upgrade our CPU
Intel :O",negative,Neutral,-2
"AMD is what happens when a technology major becomes CEO, Intel is what happens when a business major becomes CEO.",neutral,Neutral,-2
"""Anthony is going to be very very busy reviewing these products""

Me: Turns on bell icon",positive,Neutral,-2
"The only problem is, in most countries outside US and EU, that 50$ increase is going to turn into a 150$ increase..",negative,Anger,0
I'm starting to feel like building a new gaming pc at the start of 2020 was a bad idea...,neutral,Sad,0
I'm sitting here with a Ryzen 1700x lol waiting for these 5000s to release,neutral,Neutral,-2
"Intel guy 1 : ""Linus is roasting us again. What should we do?""
Intel guy 2 : ""Hm, let me think. Oh I know....let's sponsor him!""
Intel guy 1 : ""Brilliant!""",negative,Neutral,-2
"AMD 5000 in PC: let me guess, this was your home?
Intel I-9: It was",neutral,Neutral,-2
Breaking News: Intel CEO gathered all his Directors into a small room like Hitler and fired them all.,negative,Anger,0
"With Apple deserting Intel and AMD powering ahead you'd think heads would be rolling at Intel. This is not a technology problem, this is a management problem.",neutral,Anger,0
"Intel: poop lake
Intel: cow dung lake",negative,Anger,0
"intel: â€œquick, more $5,000 setup sponsorships!â€",negative,Neutral,-2
"4K: "" I'm Here!""
8K: "" Now I""M here!""
1080p Benchmarks: "" I Ain't  going ANYWHERE mother$#@&s!""",neutral,Neutral,-2
"Intel has fallen, AMD has Ryzen.",neutral,Neutral,-2
Coffin Lake: Intel InsideÂ®,negative,Neutral,-2
"Intel has lost it since mid 2019, i can hear their fanboys crying, mmm salty intel fanboy tears!",negative,Neutral,-2
"11:59PM - Intel sponsored us for this 5000 dolars setup
12:00AM - INTEL LOST

Guy has balls",negative,Neutral,-2
"2:35 - remember, remember the 5th of November",neutral,Neutral,-2
Got damnit! Should've bought AMD stocks a couple of years ago.,neutral,Anger,0
I canâ€™t help but to love when he mentions his sponsors.,positive,Joy,0
Never had any luck with AMD CPU's. Is this finally the time to try my luck again?,neutral,Neutral,-2
Can we all take a minute and appreciate the fact that AMD incluced benchmarks for Battlefield 5. They are not winning in that one game. They just could have not used that bench in the slides. But they did. For that i salute them. Feels more honest.,positive,Joy,0
"Intel: We make the best CPU's!
AMD: Hold my L2 cache",neutral,Neutral,-2
You know Intel is cooking up something thatâ€™s gonna get them multimillion dollar fines. Wash rinse repeat.,negative,Anger,0
"I love this bloodbath, do you know what this means boooooois? More Performance for us next year <3",positive,Joy,0
Something tells me that zen3 threadrippers will mop intel's floor so hard they will never recover.,negative,Neutral,-2
"It is named Ryzen 5000, its the 4th gen of ryzen, and the architecture is called Zen 3.",neutral,Neutral,-2
Intel finally lost the processor performance game from AMD.,negative,Sad,0
"7:52 finally a big name tech youtuber mentions the 300 series ryzen motherboard users :')
thought that we've been forgotten since the launch of those 3000 series CPUs",positive,Sad,0
"youtuber: ""a die area increase""
me: chuckles",neutral,Neutral,-2
Iâ€™m running a full team red gaming rig with a straight face.,neutral,Neutral,-2
"Intel launch: Keep mentioning AMD's processor.

AMD launch: Keep mentioning AMD's processor.",negative,Neutral,-2
"Man, this makes me happy. I've been running AMD since my first build with an FX-8350; there's been a long dry spell in terms of competitive gaming performance since those days. I'm glad to see real competition in the CPU market again. Hopefully, some of their market share and profits can go towards taking on Nvidia more seriously in the coming years.",positive,Joy,0
The Threadripper 3990x is still WAY MORE POWERFUL...,positive,Joy,0
"i hope they release ryzen 3 5000 series, you know, for poor and budget gaming",neutral,Neutral,-2
3:44: flacid hold: also what Linus requests for his birthday,neutral,Neutral,-2
"Intel fanboys then: INTEL BEST IN GAMING, EVERY FPS COUNTS
Intel Fanboys now: NOBODY NEEDS THAT PERFORMANCE ANYWAY",negative,Neutral,-2
"ok so newb here when it comes to buying something on release date, ive always waited till stock was easy to get. what time do i start trying to click purchase on the 5th, or rephrased, is this available 12:01AM utc?",neutral,Neutral,-2
"Why? How many names changes will it take intel to be competative again? 
Professionals continue to avoid intel spy engines,price fixing, and data
 harvesting microsoft. Enterprise users have moved very quickly to unix 
based systems,more powerful cooler AMD chips that dont have the idea of ",negative,Anger,0
"""It might be truely possible to run gaming on the high end on red"" dude i got 3900x and 5700xt give me a break. crushing 1440p gameplay all day. this shit has been better for like nearly 2 years now",positive,Joy,0
when you realize that AMD was actually the first to make a consumer CPU that passed 5.0Ghz in 2011 with the FX-9590,positive,Neutral,-2
I love how AMD is showing their new CPU is -3% in battlefield lol,positive,Joy,0
"Intel:*press emergency button* we lost the game cmon guys work on the intel 11 gen

Worker: but sir we will finish by the end of June 2021",neutral,Neutral,-2
Why is this on Alan walkers playlist for mask off,neutral,Neutral,-2
It's really amazing how amd has grown over the years..... Lisa su has changed the gameâ¤ï¸,positive,Joy,0
"RAGE'N'FIRE, burn baby burn here we go team red",positive,Joy,0
I feel like AMD is still holding back. Like...A LOT!ğŸ˜‚ğŸ˜‚,positive,Joy,0
"After my intel core i5 died when my asrock mobo took it and my ram along for for a deathrun  , I decided to go with the new ryzen when the 3000 series came out, and im honestly very glad that I did, go team red!",positive,Joy,0
"Intel's fall from grace started back in year 2000 when they were caught having put locator software in their CPU's. It blew up in their face.
Then recently they limited their CPU's so that a person could no longer choose their OS of choice but had to go with Windows 10.",neutral,Sad,0
"AMD : let's increase clock speed and ipc and improve cache latency
Intel : let's sponsor Linus",negative,Neutral,-2
Cant wait to see some hard numbers on the ipc stats.,positive,Joy,0
My i3 and pentium processor still does the job well.. I'm not going to launch a rocket to own a amd 5k series,neutral,Neutral,-2
Are we going to ignore that ryzen finally put their name right side up instead of sideways? 5:26,neutral,Neutral,-2
I actually didn't expect that sponser intro I laughed,positive,Joy,0
"Zen 3, 4th generation, 5000-series

Ah yes, it's all synced up now.",neutral,Neutral,-2
Intel is going to resurrect the coffin dance meme.,negative,Neutral,-2
"Linus: Intel lost the game


Also Linus: Lets build a gaming pc with an Intel processor.",negative,Sad,0
watching your videos has finally made me tear up my old gaming pc and rebuild a new one using the old case. I have an AzzA Solano1000 case I want to reuse I was wondering what would you use to build using my case. I like all the cooling and the size,neutral,Neutral,-2
IÂ´m just waiting the same thing with Radeon vs Nvidia.,neutral,Neutral,-2
This what happens when the CEO is an enthusiastic engineer and not a greedy corporate hack.,negative,Anger,0
"8:51
Someone please make a Team Rocket pc themed build with the rx6000 series. The ""R"" on the fans are perfect!",neutral,Neutral,-2
3:23 wow listing old ass games to show us how POWERFULL the new CPU will be...genius!,negative,Joy,0
"god news, long live real competition!
Oops, I wanted to write good news :D",positive,Joy,0
MAGA 2020 my friend ! Thank you for being such a great Trump supporter!!!!!,positive,Joy,0
The game is a psychological mind game where you are not to think of the game.,neutral,Neutral,-2
"""its not you, its me""",neutral,Neutral,-2
I like amd for shaking up the CPU market. Love the ryzen which I'm using now. Ryzen 3500 with my rtx 2070. It'll be nice to see the same on team red in gpu.,positive,Joy,0
"4K: "" I'm Here!""
8K: "" Now I""M here!""
1080p Benchmarks: "" I Ain't  going ANYWHERE mother$#@&s!""",neutral,Neutral,-2
"Intel:Ha! We killed the competition so hard boys its time to just sit back and rake in the dough!
6 years pass of AMD being quiet
Intel:Its okay! just keep putting out refreshes we won't ever be challenged! who needs RND when you are the best!
AMD:Introducing Ryzen cpu!",neutral,Neutral,-2
"Intel: coffee lake, comet lake
Zen 3: releases
Also intel: Coffin lake",negative,Neutral,-2
"ahhh, time for a cup of tea so i can enjoy the nostalgia times comin'back",positive,Joy,0
intel: FeelsBadMan,negative,Sad,0
am regretting every second of this video why did i buy core i9,negative,Sad,0
5 GHz is the PC equivalent of warp 10 in star trek,neutral,Joy,0
"AMD Ryzen ZEN 2 : My Cache
AMD Ryzen ZEN 3 : Our Cache",neutral,Joy,0
"Dammit, now I've lost the game",negative,Sad,0
"""always has been.....""",neutral,Neutral,-2
AMD have come back with a bang!,positive,Joy,0
me when i have the amd ryzen 5000: holy crap,positive,Joy,0
AMD showing off the -3% in their performance graphs leads me to believe that the numbers should be pretty accurate.,positive,Neutral,-2
"6:04 Ah yes Intel Rocket LEAGUE, such esports such tryhard",negative,Anger,0
"Comet Lake has been around for over a year now. I'm interested what Intel's next gen is going to be for comparison - hopefully Rocket Lake won't be 14nm again. Unfortunately, max clock speeds are still most important for me personally so I really had hoped for better performance in this announcement. I also think the announced AMD chips are relatively expensive on the mid range - that 5600X isn't a good deal at all compared to the 10600K. I still have no need for 10 to 12 cores, so I'm probably sitting this one out.",neutral,Neutral,-2
So with all these improvements in processors/ graphics cards Iâ€™ll be able to run Microsoft flight simulator at 30 frames a second?,neutral,Neutral,-2
"Linus: pauses and begins to ask a question

Me: â€”>>>>>",neutral,Neutral,-2
"Everyone praising Lisa Su and Jensen for pushing PC gaming beyond the limits
Engineers who worked hard to make it possible: ğŸ¥ºğŸ‘",positive,Joy,0
"""Extra cash into R&D"" ahahahahahahaha",positive,Joy,0
And when you think first amd cpu was an reversed engineered cpu after intel. ğŸ¤­,positive,Joy,0
"@6:45 I have partial hearing loss and at times i confuse words with others and often hear 2 words as one like when Linus says ""which means we could see a diarrhoea increase""   lol",neutral,Neutral,-2
AMD finally on top again and I cant afford a new high end gaming pc build. :(,neutral,Sad,0
"Conclusion:
This is what we get when people put a engineer as a CEO of a company instead of greedy old man that only know how to count money.",negative,Anger,0
Linus looks like the kinda dad that tells his kids he loves them before telling them no.,neutral,Neutral,-2
9:08 lmfao that straight face ğŸ˜‚ğŸ˜‚ğŸ˜‚,positive,Joy,0
"I actually think, they just lost. At least the sentiment.
Maybe it's just me but the price is too high, won't work.",negative,Neutral,-2
3:28 me where pc which can't seven run agar i.o its 100% improvement,neutral,Neutral,-2
"Intel: ""Oh boy I hope we don't get outclassed by any other company""

AMD: Bonjour",neutral,Neutral,-2
I've been running full team red ever since I could build a pc. Have I ever had the best performance? No. Have I been supporting a company I believe in? Yes.,positive,Neutral,-2
I love the ongoing competitive spirit of both intel and amd. It's driving development and we should get better parts at competitive rates. Nice vid Linus and al.,positive,Joy,0
Where the good ol days that I could use my FX as a space heater in the winter ğŸ¤£,neutral,Joy,0
"You know what's in my heart though?
Obviously your sponsor!
it's no less than meme now.",negative,Anger,0
This is definitely not the America we remember.,negative,Anger,0
Red and Blue  States..its like unfinished civil war.,negative,Anger,0
This election will probably go to the court,negative,Neutral,-2
Voting after the polls closed?  Thats fraud . Trump is right,negative,Anger,0
Where are the masks at the White House though,neutral,Sad,0
"""It's still a democracy, right?"" - No.",negative,Anger,0
"Whoever wins doesn't really matter just like our votes, at the end of the day we'll all work till we die barely making it day by day year to year, no changes will be made for about 2yrs and no president is as good as the current or as bad as the future. This america and we're all divided and there will be a riot hush and go to bed just to forget about all of this in a week.",negative,Neutral,-2
why'd they stop?,neutral,Neutral,-2
Either way weâ€™re all doomed.,negative,Sad,0
We're screwed.,negative,Anger,0
This Election will come to an end peacefully despite the tension.,neutral,Neutral,-2
Trump won all the States in the 2016 election that we are waiting for now. 4 more years people. I think they are holding back to avoid riots.,neutral,Neutral,-2
Dude bided literally said he won before trump.  They're both being crackhead right now.,negative,Neutral,-2
"From: ""KING OSIRUS"" (aKa)->Chief Sitting Bull. Jesus Wins By A Landslide Victory->WOW!",neutral,Neutral,-2
"When US president tweet about election get deleted on twitter BUT malaysian former prime minister tweet regarding killing millions of French in name of Islam doesn't you know where the world is heading. 
It's now clear election have become propoganda and agenda race for some people to exercise their power.",negative,Sad,0
Won CT. I live here and never met a Biden supporter.,neutral,Neutral,-2
"Legacy media is bias to the left and you can't take them seriously when it comes to politics.   Nate Sliver New York Times, Trump has 30% chance to win Florida, not even  close to that.  Alternative media is and will take off, it is big already.",negative,Sad,0
You can literally feel the bias everywhere against trump,negative,Sad,0
2:44 Beautiful ğŸ’‹ğŸ’‹love uğŸ’‹ğŸ’‹,positive,Joy,0
"At least you got 1 thing right, we won't know the results tonight",neutral,Joy,0
strategic Foe Joe Foe Joe Foe Joe Foe Joe Foe Joe Foe Joe,neutral,Neutral,-2
Did mr. Trump really following Mr. Prabowo Subianto foot step?,neutral,Neutral,-2
Trump you will Win!!!,positive,Joy,0
Blue vs Red,neutral,Neutral,-2
Come on Trump president for the Americans people to,neutral,Neutral,-2
Navada lost wages LoL,neutral,Joy,0
"Trump will win, and the corrupt will pay.
We don't care anymore about your lies.",negative,Anger,0
Trump Machambi come on da!!    :*),neutral,Neutral,-2
"Am I the only one who thinks, that the way to vote in U.S.A, is weird or wrong? ğŸ¤”",neutral,Sad,0
Predicted 5 presidents in a row. My formula says TRUMP 274. I said this months ago. Bad for Canada. Any thoughts?,neutral,Neutral,-2
It looks like a biden win but win or lose we are still americans,neutral,Neutral,-2
Durbin or Curan???,neutral,Neutral,-2
congratulation Trump from Kazakhstan,positive,Joy,0
"""It'll be Believable"" just tell us the truth damn...",negative,Anger,0
I'm single ğŸ˜¥ğŸ˜¥ğŸ˜¥ğŸ˜¥ğŸ˜¥,neutral,Sad,0
Sleepy Joe's going down in history for the first candidate to lose the presidential elections despite voting fraud,neutral,Neutral,-2
"When I saw result on Michigan at progress rate 80%, 
Trump has 2,336,033 votes while Biden has 2,138,145 votes.
However, when the result is updated to progress rate 87%, 
Trump got 291 additional votes(total 2,336,324) and Biden got 131,792 votes(total 2,269,937). ",neutral,Neutral,-2
So rude that cut out Mike Pence talk.  Why couldnâ€™t you wait until he is done?,negative,Anger,0
Where did fraud happen?,neutral,Neutral,-2
BIDEN PRESIDENT,neutral,Neutral,-2
Both Biden and Trump are wrong for the US.,negative,Anger,0
the host is so biased!,negative,Anger,0
I belive you Trump,positive,Joy,0
Unbelievably split down the middle nation.  We need to heal and come together. Division can only bring misery and unwanted outcomes.,neutral,Anger,0
Biden camp says they will win after all votes are in?,neutral,Neutral,-2
Very happy ğŸ˜ğŸ’‹ ğŸ’ğŸ’–â™¥ï¸â¤ï¸,positive,Joy,0
GO TRUMP,positive,Neutral,-2
"Biden urges patience?? Isnt he the one who said he's winning when he isnt at the time he said it, and the one cheating with the numerous mail in ballots bought off people??? Hmm? Why else is he so sure Pennsylvania is his even tho Trump is 700000 votes ahead at the time?.. I call cheater.",negative,Neutral,-2
"Michigan just swung blue, all eyes should be on Nevada right now, if the Mojave flips red and the map stays as it is, the electoral college will end in a tie. Biden will have 4 additional pts but it will not matter, as both candidates would theoretically be over or have reached the 270 threshold. Both parties did the Republic a great disservice by declaring themselves the winner despite the explicit implication that neither party would concede or accept the conclusion until all votes were accounted for. If this is handled wrong this could result in mass civil unrest. With or without the supreme court.",neutral,Neutral,-2
Oh yeah. Do you love me? ğŸ˜ğŸ’‹ ğŸ’ğŸ’–â¤ï¸,positive,Joy,0
itâ€™s no surprise that 300k Democrats â€™postal votes will disappear when the post office supports Trump.,neutral,Neutral,-2
"If Trump wins, dont blame the Afro American community.  Biden ran a weak campaign,  and didnt Earn the Black vote that he took for  so granted. He brought had no Agenda or tangibles.
 If their is any Blame to be handed out for the results, please deliver on the Latinx  community and White women who wanted secure their suburban neighbourhoods.",neutral,Neutral,-2
The dems are scared!!,neutral,Sad,0
THEY TRYING TO RIG THE ELECTIONS FOR BIDEN !!!,negative,Anger,0
Love you ğŸ’‹ğŸ’‹ğŸ˜˜ğŸ˜˜â¤ï¸ğŸ’¯,positive,Joy,0
"So Biden said he thinks he won, trump said he thinks he won. What the hell is the difference",negative,Neutral,-2
This is the most democratic biased news channel I have ever seen,negative,Anger,0
Trump 2020 <3,positive,Joy,0
"irrelevant but china are taking all empty containers in Asia and some other countries in Asia such as Vietnam, Thailand, Malaysia, Japan... are suffering many damages about it, we can not deliver on time for our customers in the EU, US, Canada... because we can not get a booking for empty containers to ship. Please help us, why they want to take all containers even this year is pandemic, exporting will decrease in all countries and in fact, it should be have more empty containers for this year, there is no containers mean can not ship the goods to abroad.",neutral,Neutral,-2
Trump clearly won but establishment trying to steal election.,neutral,Sad,0
I'm Single ğŸ˜ğŸ˜¥,neutral,Sad,0
"People are scared to go out and vote for Trump due to those rioters, and this is why Trump may lose the votes. Biden is a criminal and this will be the END of the USA as we all know it. America, you will be sorry for not standing up and being counted, Biden will destroy the USA, and it's all your fault for being cowards and letting those criminal organisations beat you.",negative,Sad,0
Trump won re-election. Itâ€™s over. Dem Governors just refusing to admit defeat.,negative,Anger,0
"How people cannot see that what is happening is violation of our rights is beyond my understanding. As soon as they realised that the president was going to win they stopped counting the votes! Then you have the Pennsylvania District Attorney tweeting in advance before Election Day that they are going to win, which is so alarming! You have Florida who was was so well organised that they managed to count all the votes. Why couldnâ€™t Pennsylvania do that? Because they are corrupt as hell. Then say they still have a million votes to count, what the hell were you doing until now then? Why would you have a million votes just sitting there instead of counting them as they came in? Goes to show how corrupt the lefties are. I wasnâ€™t a Trump supporter before, but what the Democrats and the media have doing is just disgusting. The more know about the lefties the more I support Trump. Democrats are the ones creating a divide not Trump!",neutral,Neutral,-2
TRUMP <3,positive,Joy,0
Trump Wil Win. Biased News Wont admit it.,positive,Joy,0
This is the reason why they say mail in the votes.. Just to hold up the election & stimulus checks. They are all working together!,negative,Neutral,-2
Trump2020,positive,Neutral,-2
So Nice ğŸ’˜ğŸ’˜ğŸ’˜ğŸ’˜ğŸ’˜ğŸ’˜,positive,Joy,0
Support Biden support China ğŸ‡¨ğŸ‡³ love you ğŸ˜˜,positive,Joy,0
Biden & Crazy Kamala will turn the country into Venezula in 4 years.,negative,Anger,0
RED WAVE STRONG - TRUMP2020,neutral,Neutral,-2
Woww.. amazing what trump can do huh?  amazing really to see a developed country president do what a third world country president would. He is really a crooked hoaxster smh,negative,Anger,0
"Any incumbent president who claims victory before all the votes are counted [when he or she doesn't have the concession of their opponent] is, effectively, attempting a COUP, and therefore such a claim should AUTOMATICALLY be considered a FORFEIT of holding the office. In addition, that person should be liable to prosecution without any protection of presidential immunity whatsoever. This act must be considered one of the biggest possible sins committed against a democratic system, and should have absolute and dire consequences.",negative,Neutral,-2
Bias news,negative,Anger,0
Lmao trump aint cheating. People love him soooo damn much. The only people who dont like him is media and the hollywood........ biden is senile and lying and likes ukranian. They will try to rigd it for â¶ 100%. Trump 2020 <3,neutral,Joy,0
Civil war required for US,neutral,Neutral,-2
The President selection is from Our Almighty God. so who may select we do have no Matter.,neutral,Joy,0
So who won as of now?,neutral,Neutral,-2
President Trump wins! China must compensate all countries for the losses caused by the CCP virus. May all countries abandon the â€œBelt and Roadâ€ fraud project.,neutral,Neutral,-2
"We're at the crossroads, and if the dems manage to steal the election(the only way they can win).....might as well kiss it all goodbye(cause you'll never turn it around).....",neutral,Anger,0
Media hates trump cuz he knows how they work and who pays them to lie,negative,Anger,0
Phir trump (sarkar) government. Result will 300 par (above 300). ğŸ¤£ğŸ¤£ğŸ¤£ğŸ¤£,neutral,Joy,0
Who will be win in election,neutral,Neutral,-2
Trump 2020 prepare for lefty meltdown.,neutral,Neutral,-2
doesn't everybody understand they have to win the Democrats think they have to win they have to pay China back Shane is on there but they're going to try everything they can which they already have they never gonna beat Trump and yes commentator very biased,negative,Neutral,-2
Biden came on first and stated they are going to win so don't make him out to be the good guy.  he is crooked.,negative,Sad,0
"It is clear to us that we have to defend our interests, and to do so consistently, not boorishly or rudely, in both the sphere of the economy and of defence. The pressure will end when the USA will be â€œpersuadedâ€ that the methods they are using are ineffective, counterproductive, and harmful to all ~ Vladimir Putin 2014.",neutral,Neutral,-2
We love you uncle Trump,positive,Joy,0
Biden is a crook,negative,Anger,0
Trump 2020 Trump 2024 Trump 2028 Trump 2032,neutral,Neutral,-2
Your comments above are false absolutely False & you will pay karma. Trump is a clear winner. you are just trying to screw with peoples minds and cause War. Think before you act like  a Banana Court.,negative,Anger,0
"Trumpâ€™s victory is our survival and highway to the future.
Without Trump, there is famine, poverty and hell on earth!",positive,Anger,0
It doesn't matter who won. Nothing is gonna change,negative,Neutral,-2
If biden steals the presidency we'll be in a war year and a half from now. And you will all be speaking chinese.   Trump hating dems  shame,negative,Sad,0
Twitter blocked a 3rd Tweet by Trump. This is the President of the US during an election.  They're helping the dems steal the election.,negative,Anger,0
Congratulations to Pres Trump!,positive,Joy,0
Hollywood and media trying sooo hard for Biden. Lady gaga is gona tell you who to vote for. Rip democracy. Old senile lying ukranian ğŸ˜‚ğŸ˜‚ !! Trump all the way baby,neutral,Joy,0
biden is tryna to get his votes trough social unrest.This is a communist way of thinking its social engineering i don't like it I stand for freedom and Jesus not for COMMUNISTS whos tryna ENSLAVE you.,negative,Anger,0
Trump up big in all the swing states he won and the democrats r trying to steal this election by counting votes that aren't there,neutral,Neutral,-2
Congratulations President Trump!,positive,Joy,0
"Donâ€™t take the covid 19 vaccine aka the rfid chip/microchip aka the mark of the beast doing so your giving ur soul 2 the devil donâ€™t take it even if they kill you donâ€™t give your soul to satan you been warned 

Have You Accepted Jesus Christ As Your Personal Lord And Savior ????ğŸ™ğŸ½ğŸ™ğŸ½ğŸ™ğŸ½",neutral,Neutral,-2
Trump we love you.  ğŸ‘,positive,Joy,0
Nowone normall would vote for biden !,neutral,Neutral,-2
He is ginning his base up to radicalize.,neutral,Sad,0
Global news is obviously  bought,negative,Sad,0
Trump will win thw election...,neutral,Neutral,-2
"It's game over. Biden won. Wisconsin flipped, Michigane will flip any minute",neutral,Neutral,-2
Indian nationalists love Trump. Waiting for a red wave!,positive,Joy,0
"If mr trump  he give somebody  chance to keel and cussout where he take us..? how can we respect each other's...?
Why he didn't  take action  first place  i mean jogging flow  and white man who get keel with police.",neutral,Neutral,-2
Democrats are refusing to announce that Trump won because they're trying to flood the system with fake votes and they need more time to get them,negative,Anger,0
"Japan, Taiwan, vietnam, Philippines, India are supporting Trump.  Only Trump hands on solving the threats from Communist China in Pacific countries.â¤ï¸ğŸ‡ºğŸ‡¸ğŸ‘
Democrat has been last two decades tied with Communist China, asian countries experienced through their conspiracies.",positive,Joy,0
Trump will win..,positive,Joy,0
Lock down valnurable people only. For others it's just a cold. Cases are nothing. Simple.,neutral,Neutral,-2
"Trump should win this re-election, Because if its Biden it will be total chaos and racist and hypocrite people in America is dangerous",negative,Sad,0
Push Trump!,neutral,Neutral,-2
These are sham elections to bring Trump type criminal to power again just like they did with Obama case.,negative,Sad,0
The President selection is from Our Almighty God. so who may select we do have no Matter.,neutral,Neutral,-2
Trump 2020!!!!,positive,Joy,0
Biden is the worst candidate in human history. Media and hollywood cant even help him. Lady gaga and taylor swift john legend should all stick to partying on all these islands and singing. ğŸ˜‚ american people want Trump and need Trump. Enough of the lies about him. Biden is a bad dude !!! Trump 2020 <3,negative,Sad,0
Why do you guys hate trump so much.   He's the only one fighting for your freedom how can you not see it,neutral,Sad,0
"This news channel isn't interesting. I don't get why elections always have a couple states lagging, but apparently ALL the other states got everything counted with no problems. fishy. maybe investigative journalist what in the ""globe"" is wrong with the states that can't get it all together?",negative,Sad,0
"TRUMP won.  Mainstream media can't take it, the left are trying to rig it.",positive,Joy,0
Trump looks deformed...just an observation,neutral,Neutral,-2
Global News is a biased and fake Canadian news channel,negative,Anger,0
"Whoever wins, make America strong and great !",positive,Joy,0
"Obviously Trump won this election. Not surprised the democrats suddenly call things off. The blue party always plays dirty. 

A total fraud on their own people from behalf of these thugs disguised as ""democrats."" Biden is a joke.",negative,Anger,0
"Donâ€™t take the covid 19 vaccine aka the rfid chip/microchip aka the mark of the beast doing so your giving ur soul 2 the devil donâ€™t take it even if they kill you donâ€™t give your soul to satan you been warned 

Have You Accepted Jesus Christ As Your Personal Lord And Savior ????ğŸ™ğŸ½ğŸ™ğŸ½ğŸ™ğŸ½",neutral,Neutral,-2
I honestly donâ€™t get how so many Americans donâ€™t see this person for who they are. Trump and the Republican Party are poison for this continent. How would Abraham Lincoln feel about this current state of affairs?,neutral,Sad,0
STop airing propaganda Global news. He is pulling a Putin. Get off.,negative,Anger,0
Trump once more âœŒï¸,positive,Joy,0
Trump will definitely win.,positive,Joy,0
Trump is a fraud...,negative,Anger,0
Trump go go.  Biden go back go back,neutral,Neutral,-2
The media is lying again.  They only stopped in swing states that Trump was leading.   This opens up for a box of harvested Dem votes.   Project Veritas has proved this.,negative,Anger,0
"People are not happy dying of Corona, they want more to die.",negative,Anger,0
you guys make more of a deal when Apple comes up with a new color for it's almost 20 years old design than when some other company come up with such a novelty,neutral,Neutral,-2
"Just bought this for uni, and I really hope that the second screen will help me be more productive. So far, the second screen has been great for 3D modeling and Photoshop, as I have been able to place tool bars there so that the main screen is not covered by clutter. I also love putting Spotify down there, so that I never have to switch tabs just to change songs. I really don't get why this laptop gets so much critique by y'all, you get what you pay for and while this might not be a gaming laptop it's portable and great in so many other ways!",positive,Joy,0
"This laptop looks a bit crazy and cumbersome at first, then it starts to look interesting with possibilities",positive,Joy,0
3.3lbs isnt that heavy....im actually pretty impressed by that weight. I mean gaming laptops are easily much heavier than that and they dont have 2 screens,neutral,Joy,0
"C'mon guys, what are the thermals? MX 250 2gb or 4gb? Is it upgradable? This is a showcase, not a review.",neutral,Sad,0
"Lmao a ""low rent Android app"", Devindra? The slander lmao and yet I knew exactly what you were talking about ğŸ˜­",neutral,Sad,0
Who is using MicroSD cards so often that we need a reader in the laptop?! Instead of full size ?,neutral,Neutral,-2
I know what I'm going to spend my stimulus check on.,neutral,Neutral,-2
"""you can get a cheaper dell xps 13""
yeah because who NEEDS dedicated graphics right?",neutral,Neutral,-2
"In other reviews of the Zenbook Duo, the main screen in not touch-enabled. How is this one touch-enabled?ğŸ¤”",neutral,Sad,0
i think its great for writing papers for students. when you can open multiple windows with articles to compare.,positive,Joy,0
My dad has the 4k pro model of this laptop. Its an amazing laptop!,positive,Joy,0
"I think it really depends on how you're going to use it. I can see a compelling use-case for video-editing, twitch game live cast, or for stock trading. If you will  be using it for typing, school work, or other work not requiring multitasking, then you don't need it.",neutral,Neutral,-2
Expensive for manager to do excel ğŸ˜‚,negative,Joy,0
3:44 shoutout @thestraightpipes,neutral,Neutral,-2
Did you just compare the weight of this laptop to a MacBook AIR???,neutral,Neutral,-2
"Anyone can provide one year use review? Did you feel any problems along the way related to screen, battery life or performance? Please share",neutral,Neutral,-2
"I hope the asus duo next year has quadro gpu t2000 or quadro rtx 3000, it would be much helpful for engineers doing multitasking",neutral,Neutral,-2
3:15 credits to straightpipesğŸ‘,positive,Joy,0
It looks like a giant 2DS. Whereâ€™s my wallet,neutral,Sad,0
"In Most Videos ..
It shows that main Screen isnâ€™t Touch..
In this ... Both Screens are touch able..
Pro version has that feature..",neutral,Neutral,-2
I want this laptop (well maybe not the laptop itself but more of the concept and design) it would fit so much with my workflow,positive,Joy,0
I want to buy one one day.,positive,Joy,0
I absolutely love this laptop!! Is the best one I've ever owned. I was contemplating on this and the HP x360. So happy i choose the Asus only downfall is the ability to fold the laptop in a tablet form. But having the extra screen was more helpful than the ability to fold it. Lastly i haven't used a laptop in about 3 years so having the keyboard in the front and a small touchpad aon the side didn't bother me at all.,positive,Joy,0
name of the first background music please?,neutral,Neutral,-2
The design has been updated,neutral,Neutral,-2
Omg.. I want this right nowğŸ˜¯,positive,Neutral,-2
How long does it last while doing video conferencing?,neutral,Neutral,-2
Never buying asus laptops again. The damn touchpad stopped working and i tried to fix it but it got so annoying.  I punched that screen. What a waste,negative,Anger,0
Awesome laptop for solo game dev!,positive,Joy,0
"And purchased, thanks.",positive,Joy,0
5:21 you are touching the main screen. Many people or review site are saying there is no touch on the main screen for Duo its only for Pro version. Can you please clarify,neutral,Neutral,-2
The OG 2019 version is now worth it since they pricing it lower than the original now  the Integrate version is price like 1100usd here in ph add a little bit with mx series,neutral,Neutral,-2
Thunderbolt should be standard for usb c ports,neutral,Neutral,-2
Background music name??,neutral,Neutral,-2
La vidÃ©o concerne Asus duo pro !!!!!!!!!!,neutral,Neutral,-2
This laptop can get up to 48 gb of ram and with the new 2080 super gtx max q .. so where are all these info ?,neutral,Sad,0
Is the store link in the description the one he is actually using in the video? I mean the one in the link does not say main screen has touch capabilities (older ux481 doesnt have touch main screen),neutral,Neutral,-2
Hi. If we wanna do share screen in zoom meeting .. can we share the screen pad display?,neutral,Neutral,-2
"Hi any chance that you review the 
ASUS
VivoBook Flip 14 TM420IA-EC061R, AMD Ryzen 7 4700U (8x 2.0GHz), 16GB ? thanks",neutral,Neutral,-2
Is the new version?,neutral,Neutral,-2
This is an almost year old model. They definitely need to update the specs with at least hopefully a GTX 1650 MaxQ or MX350.,neutral,Neutral,-2
can it be charged via USB or does it still have chargers like from 20 years ago ???,neutral,Neutral,-2
Can we play all games on it??,neutral,Neutral,-2
Zenbook Duo is not touchscreen. I own one,neutral,Neutral,-2
A 14â€ laptop with two screens? Not for me thanks. Good review though.,positive,Neutral,-2
3kg?,neutral,Sad,0
Will it be better than the new macbook air?,neutral,Neutral,-2
Can be the second display turned off?,neutral,Neutral,-2
Bro I bought this machine 1 month ago and now it's not working and I didnt knew  it was touch enabled in the main screen and I tried it in mine and it was not working for me and now the system is dead and when I contacted asus service centre for replacement since it was dead within a month and I was just using it for my casual use(watching movies and others).Asus said I won't get replacement cause replacement is there for only a week from the day of purchase and iam now helpless as they are avoiding me and I won't get replacement.i literally spent all my savings on it for my architecture studies and I don't know what to do next.please comment down below.ğŸ™ğŸ™,neutral,Sad,0
Not enough ram especially with it not being upgradable. No much multitasking happening with this,negative,Sad,0
"In Thailand, it's sold for 1000 $ and I've gotta that's a damn sweet deal considering the second screen and specs",positive,Joy,0
Can you use it with an eGPU like Razer Core?,neutral,Neutral,-2
anyone owns one ? i would like to have some feedbacks about the touchpad ergonomy. does it worth it ?,neutral,Neutral,-2
Touchscreen on both the displays,neutral,Neutral,-2
"In my country, the xps 13 is actually 250$  more expensive while having not as powerful hardwares, namely smaller ssd and weaker gpu. So I went with it. I'm happy so far. The thermal, for anyone is questioning, is really good, it rarely get hotter than 70Â°C, both cpu and gpu. The gpu is mx250 2gb 10w variant, nothing extremely powerful about it but I could play CS:GO and GTA V. It also handle large PSD file in Photoshop perfectly. I'm a designer, and the pen come with the laptop and the second screen are very useful. Oh, the battery life is excellent to, really impressive. The only thing I don't like about this laptop is the trackpad, it's so cramped and small, the keyboard is surprisingly good though, the key switch is awesome, but I don't mind it that much because I use external mouse and keyboard. And another problem is the lid of the laptop, those metallic circular brush patterns look cool but it is a fingerprints magnet and scratches fairly easily, also some parts of the lid got slight discoloration because of my sweat.  I would prefer a matte anodized finish like Dell XPS.",positive,Neutral,-2
Ay-soos,neutral,Neutral,-2
"My dad bought me this laptop for University for Â£1500. Iâ€™ve been using it for 3 months now so if you want to know what itâ€™s like, ask me. (I actually game on it mostly lol)",neutral,Joy,0
Bro this is zenbook pro duo,neutral,Neutral,-2
wait!!!!!!   the main screen of duo is touch ??,neutral,Neutral,-2
"Which would be a better buy?
Asus Zenbook Duo UX481FL or Asus Zenbook 15 UX534FT? My usage would be around coding for Deep Learning, content creation using FL studio and other general tasks.",neutral,Neutral,-2
Where's the reviewer from?,neutral,Neutral,-2
"Hi, I'm an architecture student, I want this computer to use programs like autocad sketchup, to render drawing, but I wonder if it uninstalls these programs?",neutral,Neutral,-2
"Is this the new 14"" one?",neutral,Neutral,-2
Zenbook duo is not touch screen both screen you have gave me Worng information . In this video you touched both screen ğŸ˜‚ğŸ¤£,negative,Neutral,-2
"5:26 how is ur zenbook duo's main screen a touch screen.
even I own an Asus zenbook duo and only the secondary display is touch.",neutral,Neutral,-2
"Wondering ?is this a good investment? can this handle content creation,3d design,streaming,video editing,graphic design,rendering etc? or can i have more hardware at this price in a desktop computer?",neutral,Neutral,-2
My Zenbook Duo's main display doesn't support touch. Can I know why?,neutral,Neutral,-2
"Wait, the main screen have touchscreen? Mine does not have that feature.",neutral,Neutral,-2
"Engadget: Complaining about 3.3 pounds being heavy
Me who is used to lugging around a 5 pound 2019 Helios 300: ""3.3 pounds??? That's super light!!""",neutral,Joy,0
"""Integrate it in the system"" ğŸ˜‚ Boy lemme see how you get the code of  Windows , rewrite the system to integrate it and then maintain it with every update. Does anybody actually know what they are doing at this company?",negative,Joy,0
Pro?,neutral,Neutral,-2
Why donâ€™t they make that key pad a lcd screen as well!,negative,Joy,0
you need Ryzen in there!,neutral,Joy,0
What is a pound? How much does it weigh in kilograms?,neutral,Neutral,-2
Hmm,neutral,Neutral,-2
hey could i have it?,neutral,Neutral,-2
gimmick!,negative,Anger,0
"You compared the weight with 13"" laptops, with light 13"" laptops that is. This Asus is a 14"" display laptop size with dGPU and double screen, they really achieved an amazing weight for what it offers.
Doing programming stuff, research and other productivity things on the go, you have a lot more screen real state than in any other ultrabook. It has more screen real state than 15"" laptops while being smaller thanks to the 2nd screen.",neutral,Joy,0
How many people walk around with laptops they do not they use them to replace pc more and keep in office and when they go out they use another smaller laptop,neutral,Neutral,-2
"To be honest, not my fav laptop",negative,Sad,0
"Wait, the main display is a touchscreen? Mine didnt came with that feature.
Those mfs lied to me",negative,Anger,0
Kashe yahe laptops meray pass hota,neutral,Neutral,-2
Which model it is,neutral,Neutral,-2
"That keyboard is cramped - but, there is only this much real estate you can get out from laptop dimensions. Looks wicked though. Whether its ""usable"" for day to day heavy users - thats a time test!!",positive,Joy,0
Aerith is here ğŸ˜,positive,Neutral,-2
SD and Thunderbolt is both available,neutral,Neutral,-2
"in our country, the secondary screen pad plus is the only one with touch capability :(",neutral,Sad,0
I'm Bangladeshi,neutral,Neutral,-2
Or kya hal  ap ka,neutral,Neutral,-2
Yas,neutral,Neutral,-2
"If it doesn't come with the ugly top lid, swirling metal, i would've bought one.",negative,Sad,0
"First of all, please show correct device as so many people are confused with touch screen. The laptop shown in the video is azenbook duo pro. That has both touch screens, but Zenbook duo only has secondary touch screen.",neutral,Neutral,-2
"Why not 4K? Dell XPS prvides 4k monitor, giving you more pixels that both of those screens combined.",neutral,Sad,0
kindly clarify  wheathr this is duo or pro duo. becz only pro duo comes in dual screen touch varient. And duo only have screenpad touch ????,neutral,Neutral,-2
This looks cool but I am not sure if the benefits of the extra screen can make up for the downsides.,neutral,Sad,0
That controller is sexy af! Got a crush on it,positive,Joy,0
"Me: ""I want one""
Wallet: ""Ha, you wish""",neutral,Neutral,-2
"Unbox Therapy: ""If we get close enough, you can actually see the x's and o's on the controller""

Youtube compression: ""Yeah, we dont do that here.",neutral,Neutral,-2
The real beast are the people who don't pick sides and just enjoy gaming.,neutral,Joy,0
"Well microsoft released the fridge
Sony better make a router",negative,Anger,0
YouTube : let's recommend after 8 hours,neutral,Neutral,-2
Anyone else start sweating when he said â€œLook at the one-handed gripâ€,neutral,Sad,0
Sony should make a internet router just like xbox did with the fridge,negative,Anger,0
"The controller looks like a 
"" legless, tanktop chick. """,negative,Anger,0
"â€œItâ€™s almost like a statue.... or a, sculptingâ€

Well said.",neutral,Neutral,-2
"825 GB
Call of Duty: ""I'll be taking that""",neutral,Neutral,-2
When you realize gta 5 is about to go through 3 gens of consoles,negative,Neutral,-2
No it doesnâ€™t someone who plays a lot donâ€™t need color buttons mine has the buttons blacked out,neutral,Neutral,-2
This generation is basically a goodbye to having anything on your consoles,negative,Sad,0
Youtube would be like let's recommend this to everyone after 7-8 years,neutral,Neutral,-2
Recommendations are faster than notification ğŸ˜‚,positive,Joy,0
"Appreciate the video, the â€œbaby talkâ€ at times was a bit annoying tho.",negative,Anger,0
Sony has had enough with the ps4 jet engine memes they are like â€œNEVER AGAINâ€,neutral,Neutral,-2
Bro I almost had a heart attack when he started one handing it....,neutral,Sad,0
Did he say â€œwait 4 years for the next generationâ€. What ?,neutral,Neutral,-2
Tim Cook still Won't Sent u Review Units in futureğŸ˜ğŸ˜,neutral,Joy,0
Jerry: So youâ€™ve chosen death.,neutral,Anger,0
"Lew: â€˜So just you known , every phone is basically bendableâ€˜
Also Lew: â€˜WOW!!!â€˜",neutral,Neutral,-2
"1:22 
Lew: All new design",neutral,Neutral,-2
"Nobody:
Nokia 3310 : Finally, A worthy opponent. Our battle will be legendary.",neutral,Neutral,-2
What a difference 6 years makes...,neutral,Neutral,-2
"""You can bend any phone""

Me: looks at my phone",neutral,Neutral,-2
"iPhone 12: I canâ€™t be bent easily.

Gamora: what did it cost you?",neutral,Neutral,-2
"Lew: bends iPhone 12
iPhone 12: ""I'm not making you famous again.""

Lew: ""I know but BUY LATERCASE""",neutral,Neutral,-2
"Lew: Puts on gloves to bend phone

Jerry: Pffftt. Amateur",neutral,Neutral,-2
war. war never changes.,neutral,Neutral,-2
"12 in video: doesnâ€™t break

me: looks at my 12",neutral,Neutral,-2
"Iâ€™m actually surprised by this, no bend at ALL. That is honestly quite amazing what technology can do in just 6 years, same material (or about)  and it doesnâ€™t bend at all.",positive,Joy,0
"Lew: ""lets bend the new iPhone""
Apple: ""So you have chosen death?""",neutral,Neutral,-2
"Lew: bend test fail
Jerry: bend test fail
Users: ..oo
Apple: revise price upwards 50%",negative,Joy,0
"Until Jerry tests this thing to the fullest, I guess this will do lmfao",neutral,Joy,0
"Apple staff: Tim Tim ! Itâ€™s and emergency 
Tim Cook : what is it 
Apple staff: unbox therapy is doing a bending test 
Tim Cook: may god have mercy on us",neutral,Neutral,-2
"Iphone 12: â€œI am...... inevitableâ€


Nokia: And I am more inevitable",neutral,Neutral,-2
"That ""Hello"" while he was trying to bend the iphone made me feel like the phone was in pain lmao",neutral,Joy,0
When do we get to see the video that says -â€œ Iâ€™m switching to IPhone 12â€,neutral,Neutral,-2
"""You can bend any phone""

Me: looks at my phone",neutral,Neutral,-2
Me: needing a phone,neutral,Neutral,-2
"Lew: ""I can break this phone""

Apple: ""No you can't break that phone""",neutral,Neutral,-2
"Bend test starts at 5:03, for anyone else who can't be stuffed with the super long intros.",neutral,Neutral,-2
Me: lemme watch this even tho I can't even afford an apple productl:),neutral,Sad,0
"JerryRigEverything: ""Looks like i have a new challenger""",neutral,Neutral,-2
"Lew: look! The iphone 12 pro camera module cracked.

Apple: sweats nerviously",neutral,Neutral,-2
â€œThat is sufficient pressure in my mindâ€,negative,Sad,0
"Lew: I have an iphone to bend !!


Me: If i have an iphone , i will not open the box in a month.",neutral,Neutral,-2
"Lew: bends an iPhone for a video
Me: saving up for years to buy an entry level older iPhone

Just joking, love from Africa",positive,Joy,0
Who else is waiting on JerryRigEverything?,neutral,Neutral,-2
Whenever new phone comes youtubers starts hurting poor peoples ğŸ˜“ğŸ˜­,negative,Sad,0
"""Whichever the era theres always a war"" ~ Hashirama Senju ğŸŒ²",neutral,Neutral,-2
"Me: Trying to buy iPhone by selling my kidney.......

Others: Lets break it bend it and throw it from 50m...",neutral,Neutral,-2
"lew: wow its unbendable
apple: take that!! sucker
also apple: shhh we sent him the most durable iphone ever with the strongest elements in the galaxy know to mankind",neutral,Neutral,-2
"Lew: what? They haven't send phones this time also.. ğŸ˜‘
Drop that video Will.. ğŸ”¥",neutral,Joy,0
"""What doesn't kill you, only makes you stronger"" Apple be like!",negative,Joy,0
"Apple: No yet has been able to bend the iphone 12.

Hydraulic press has entered chat",neutral,Neutral,-2
"Iphone : we have smaller notch which is only half the screen for 699

Me : I brought a dot notch phine for 199",neutral,Neutral,-2
7:37 anndddddd this is when i click offğŸ˜­ğŸ˜‚,neutral,Joy,0
"2014: Lew bends iPhone 6
2020: Lew can't bend iPhone 12
2030: iPhone 30X bends Lew",neutral,Neutral,-2
I love how we all try and save up for 3 months for the new phone and my man is doing bend tests on it,negative,Sad,0
4:57 saving your time,neutral,Neutral,-2
"Me when I get an iPhone 12: Protects it with my life 
Unbox Therapy: tries to break it",neutral,Neutral,-2
"Me: disnt even try any iphone 

Him:breaking an iphone 12",neutral,Neutral,-2
This phone is especially made to survive JERRYRIGEVERYTHING test,neutral,Neutral,-2
"4:56 iPhone 12 bend test starts

10:26 iPhone 12 pro bend test starts",neutral,Neutral,-2
"When he puts his glove on I was like          â€œ NOOOOOOOOOOOOOğŸ˜°ğŸ˜±ğŸ˜“ğŸ¥ºâ€
Holding my iPhone 6s ğŸ˜‚ğŸ˜­ !!",neutral,Joy,0
This is over power and strangest phone from any other iPhone by the way  love from India ğŸ˜ğŸ˜â¤â¤â¤,positive,Joy,0
Me trying to bend my phone when Iâ€™m watching,neutral,Neutral,-2
"JerryRigEverything: ""what do I see? A rival?!""",neutral,Neutral,-2
Ahh! The Rituals!,positive,Joy,0
7:57 it could be slightly bent with the corners still flush.,neutral,Neutral,-2
Heâ€™s gotten old lmao ğŸ˜‚,neutral,Joy,0
"wear some goggles the next time you do this, shards might get into your eyes when they break",neutral,Neutral,-2
"In car audio and body building, flexing is good...",positive,Joy,0
My heart aches watching those iphones get bended ğŸ’”,negative,Sad,0
"Lew: attempts to bend the iPhone 12
Apple: Wait thatâ€™s illegal",neutral,Neutral,-2
"4:20 put on gloves
Zack: I won't even do that for bend test",neutral,Neutral,-2
Bro I'm running in a iPhone 5's still you would bless me with the 12 pro fr ğŸ˜¢ğŸ˜¢,neutral,Sad,0
"Me just waiting for jerryrigeverything, this will do for now",neutral,Neutral,-2
man's been letting himself go during quarantine,neutral,Neutral,-2
"""I'm trying this new food dish from Apple and they DID NOT PUT GLASS IN IT!!!! I Love you Apple, you finally did it!""",neutral,Neutral,-2
"0:42 
Lew wont make this mistake this time. 
"" Dont mess with apple ""
- Unbox Therapy",neutral,Neutral,-2
"Lew: let's bend the phone
The phone: hello!",neutral,Neutral,-2
"Lew: â€œany phone will bend with enough pressureâ€
iPhone 12: does not bend at all
Jerryrigeverything: do you even lift bro?",neutral,Neutral,-2
I love how he has the money to bend the newest iphone,positive,Joy,0
"""You can bend any phone if you try hard enough""

Nokia 3310 : am I a joke to you?",neutral,Neutral,-2
Hey why don't you put on that no cut gloves.ğŸ¤£ğŸ¤£ğŸ¤£,neutral,Joy,0
Jerryrigeveything : interesting.......,neutral,Joy,0
"JerryRigEverything: GLASS IS GLASS

Apple: La La La ğŸ¶ I didnâ€™t get that. What did you say?",neutral,Neutral,-2
"DAMN for all these years still watching hes phone review with my Oppo a33w ,love watching phones that i cant afford :> just for the online class or for my daily life updates its everything for me and ive never experience on owning an iphone even the old ones
pshh.....",negative,Sad,0
"Apple and Lew: make peace and allowed to get early product access.

Also Apple: let's be careful this time and make a bend proof iPhone",neutral,Neutral,-2
"If they could get iPad Pro to be this structurally sound, I would finally get oneğŸ’¯",neutral,Neutral,-2
Congrats to all the engineers having to work overtime to fix this issue after iPhone 6!,positive,Joy,0
"Lew: fails to bend phone
iPhone: Hello",neutral,Neutral,-2
"After Titanic, This video broke my heart . Manh. I wish i had theseğŸ˜­",negative,Sad,0
"The bend test is at 10:29 
To save you ten and a half minutes",neutral,Neutral,-2
"Gen-Z Ollivander: ""Let's take a look... (holds phone up to ear) A14 Bionic Core... (holds phone out) 6.06 inches... (tries to bend phone) un... *unyielding*. This iPhone belonged to Timothy Donald Cook, treat it carefully...""",neutral,Neutral,-2
"Video actually starts at 5:00

Youâ€™re welcome",neutral,Neutral,-2
Wow amazing iPhone 12,positive,Joy,0
just watch jerry rigs everything.,neutral,Neutral,-2
"Steve jobs somewhere in heaven be like yall mfs trying to break my phone ğŸ¤£ğŸ¤£


Edit: here in india no one will be able to bend that it's too expensive for us ğŸ˜‚",neutral,Joy,0
That's the reason I love APPLE I PHONE so much â¤ but still I'm not able to afford an appleğŸ˜¥,positive,Sad,0
"It's not satisfying, he should at least had smashed it!",negative,Sad,0
"JerryRigEverything: Now itâ€™s time for the bend test. 

Unbox Therapy: way ahead of ya.",neutral,Neutral,-2
"Last time I watched here, Lew sent an email to apple about their relationship and the bend test he did on the iPhone 6. 

Now I can see Lew trying to redeem himself from that. Seems theyre okay now huh.",neutral,Neutral,-2
4:59 the real video begains,neutral,Neutral,-2
I'm trying to bend my Iphone 5s which is like the nokia of Apple :D,neutral,Neutral,-2
"Lew: Why doesn't apple send me iphones

Also Lew:",neutral,Neutral,-2
I love watching iphone that I can't afford to buy ğŸ¥ºğŸ˜”,neutral,Joy,0
Case is thinner.... Thinner..,negative,Sad,0
"Animals : ""they are destroying our homes! What should we do?!""

Virus : ""let me handle this""",negative,Anger,0
I would hate to be that person with a tickled throat waiting for the right time to cough!,negative,Anger,0
"""Don't wear a face mask if you are healthy.""  My how have times changed.",neutral,Anger,0
"New Coronavirus effects: Homelessness, depression, suicide, addiction, domestic abuse, wiped out savings and businesses. Glad the experts are getting everything under control.",positive,Sad,0
Things have changed A LOT since this talk...,neutral,Neutral,-2
"Gives a talk on Coronavirus


Someone in the audience coughs",neutral,Sad,0
"This didn't age well. 
A person can't be infected for more than 14 days.
Not 24.",neutral,Sad,0
"literally no one:
wohymen: Coronavirus Is Our Future",neutral,Neutral,-2
I love that sheâ€™s explaining this when like at least 50 people started coughing in the background,neutral,Joy,0
Sheâ€™s wrong about face masks for sure ğŸ¤£ Otherwise great speech ğŸ‘ğŸ»,neutral,Joy,0
"She forgot to mention don't go to large gatherings, like Ted.",negative,Anger,0
"""Don't wear face masks""
Hi, Italy here. We are not alowwed to leave our houses without face masks on...",negative,Anger,0
"Someone in the crowd: coughs
Everyone else: ğŸ‘€ğŸ‘€ğŸ‘€ğŸ‘€",neutral,Sad,0
"""You can be infected and not show signs for 24 days""
""If you're not infected don't wear a face mask""
How do we know if we are not infected?",neutral,Neutral,-2
I love how a lot of people attended this large gathering in during the wake of the pandemic,negative,Neutral,-2
Remember when we all thought that 2020 was going to be a good year?,neutral,Sad,0
"I agree with everything she said with the exception of ""Don't wear a mask"".  Didn't she say that healthy people walk around for 24 days undiagnosed and contagious with Covid-19?  Yeah she did.  I will continue to wear a mask & gloves in grocery stores.",negative,Anger,0
"Anyone else laugh out loud when she said that the US is a serious investor in public health ğŸ˜‚ what a joke, they treat it as a business, it costs $10k to have a baby 6:18",positive,Joy,0
Talks about virus whilst someone is coughing like crazy in the audience - urm,neutral,Sad,0
Okay but I clicked on this to hear why Covid-19 is our future,negative,Neutral,-2
"GHO: Try to refrain attending large events with 100+ persons. 
TEDx: Huh what? ğŸ¤£",negative,Neutral,-2
"Yikes, this aged about as well as a forgotten tuna sandwich in a college dorm refrigerator",negative,Sad,0
"Iâ€™ll tell you a coronavirus joke now, but youâ€™ll have to wait two weeks to see if you got it. Ù©(Ë˜â—¡Ë˜)Û¶",neutral,Joy,0
"The ""no mask"" advice was the recommended directive at the time this was recorded. By April, professionals were explaining that face masks were critical in slowing the spread of the virus. Don't throw the baby out with the bathwater; the presenter does an excellent job of explaining what coronavirus is.  I am writing this on July 16, when the number of COVID cases surpassed 75,000 in a single day and there have been 137,000 deaths to date.  Still skeptical? Walk into your local hospital.",positive,Neutral,-2
Hello ateneans whats up whats poppin ğŸ˜‚,positive,Joy,0
Anyone just going straight to the comments,neutral,Neutral,-2
She said that people are walking around with the virus and showing no signs... and at the end of this video she said that don't wear face mask?? I was really upset and this video was really interesting since i have heard that sentences at the end. I think that is why coronavirus spreadouts faster at Europe and America. People should protect themself by wearing face mask. Not only for sick people but also for normal people. Thanks!,negative,Neutral,-2
Anyone just going straight to the comments,neutral,Neutral,-2
"This has an odd flavor, watching in November of 2020.",negative,Neutral,-2
"Before the coronavirus, i used to cough to hide a fart, now i fart to hide a cough.",negative,Neutral,-2
The Australian government is watching me watch a Ted talk on covid ğŸ¤¯ğŸ¤¯ğŸ¤¯ğŸ¤¯ğŸ¤¯ğŸ¤¯,negative,Anger,0
"""I know you take it in to the bathroom with you"" (referring to my phone)
*Me who watches this in the bathroom
ğŸ˜",neutral,Neutral,-2
Lol now it has become Pandemic ğŸ˜‚ğŸ˜‚ğŸ˜‚ğŸ˜‚,negative,Joy,0
"Since a lot of us donâ€™t know if we are carriers, wouldnâ€™t it be a good idea to wear face masks?",neutral,Neutral,-2
Hello to the people in the future watching this half decade old TED talk because it showed up in their recommended videos,neutral,Neutral,-2
"anyone else here put this woman on pause and just concentrate on the comments here?  YouTube has moved comments to a new page so they can still data-mine and figure out who their enemies are, while keeping comments away from the sheeple who are easily influenced.  so their propaganda might work a little bit better?  FAIL.",negative,Anger,0
Wow. These comments are awesome. None of you really paid attention to anything that you didn't want to pick apart. Open up your ears. Use your brain.,negative,Joy,0
I wonder how many folks got the COVID at this ladyâ€™s T-talk.,negative,Sad,0
After watching literally anything your brain is not the same ...,neutral,Neutral,-2
"The brain is so complex it doesn't understand itself, think bout that.",neutral,Sad,0
"the fact that we ,brains, make progress in brain research means that brain is not the only thing that can think in our body",neutral,Neutral,-2
"Donâ€™t listen clowns in the comments saying â€œIâ€™ll save you 15 minutes, practice makes perfectâ€ etc; Itâ€™s ONLY 15 minutes of your life, for free knowledge. BUT if you watched this and still quite didnâ€™t get the essence of what she was talking about: itâ€™s totally ok, it was a lot of information for this little time.",neutral,Neutral,-2
Is it weird that I can physically feel my brain changing? Or at least I think itâ€™s my brain...,positive,Sad,0
The brain is the most important organ in the body...according to the brain.,neutral,Neutral,-2
Learning about the brain is just a brain trying to understand itself.,neutral,Neutral,-2
"""Everything you do, everything you encounter and everything you experience is changing your brain."" I love these lines.",positive,Joy,0
Can anyone pls tell me the name of the intro music,neutral,Neutral,-2
"Wow my brain did change, it feels smoother, more elastic and incredible.",positive,Joy,0
Fun fact: Humans are just organic mechs piloted by their brains.,neutral,Joy,0
"""Genius is not about genetics, genius is about practice."" Robin Sharma",neutral,Joy,0
"This video is underrated. Take the time to watch it.

1. Increased struggle during practice leads to more learning. We are shaped by everything that we don't  do.",positive,Neutral,-2
When will ted himself show up to the talk?,neutral,Neutral,-2
"Once a magician said, ""I thought that the brain is the most wonderful organ of human body, but then I realized that who was telling me this"".",neutral,Neutral,-2
"Wow my brain did change, it feels smoother, more elastic and incredible.",positive,Joy,0
overblown title for no great revelations. seemed as if my life was gonna change for the better instead of more disgust.,positive,Neutral,-2
"It's been six months since I've watched this and my life isn't the same anymore
Best video I've ever watched",positive,Sad,0
"2020 Thanks god i am still healthy and i am enjoying your video, anyone else from 2020 here?God bless you all people",positive,Joy,0
"I need to know something about breathing OCD ,cause I once faced  this kind of problem and I really don't know anything about it",neutral,Neutral,-2
"Hardest part is having drive to continue the repetition. Passion, emotion are great drivers but beneath lies desire. Without desire it is lost.",positive,Neutral,-2
"Yeap, we studied that in Psychology classes.",neutral,Neutral,-2
"I am going to save your 15 minutes. Please save your time. "" Practice makes you perfect"". ğŸ˜",neutral,Joy,0
"""Everything you do, everything you encounter and everything you experience is changing your brain."" I love these lines.",positive,Joy,0
"The brain is never the same at all time because of what needs to happen to retain and develop itself if you are undergoing major neurological growth. In the case of neurodegeneration the brain starts malfunctioning and becoming inoperational. Anyways the important point is that the brain almost always undergoes change and even if it is dead it will still undergo decompostion. And if we also consider spacetime warpages that result from them having to obey the Heisenberg Uncertainty Principle and the constant changes in the momenta and position because of this principle, it never is the same as before.",neutral,Neutral,-2
I basicly saw that this essential work had been exposuring silly commets,neutral,Anger,0
Donâ€™t read comments....concentrate on the video.,neutral,Neutral,-2
Everything is made up of atoms. Scientists are just a group of atoms studying themselves,neutral,Neutral,-2
"""Build the brain you want."" Too cheesy after just stating that you can't learn every type of skill as effectively. But neuroplasticity is remarkable though. You should check the pictures of the brain after someone lost a finger. You can see the brain mass for 5 fingers being redivided by 4, so growing bigger per finger.",negative,Neutral,-2
"""None of us can know what we are capable of until we are tested."" 
-- Elizabeth Blackwell",neutral,Neutral,-2
"Man i yawned 2 times throughout the video.
It reminded me on bio class",negative,Anger,0
Me rn: reading comments lol,negative,Joy,0
"So main point:
1. Practice - hard work works
2. Everyone learns differently ",neutral,Neutral,-2
"This was great, I have been researching ""how to speak directly to the subconscious mind"" for a while now, and I think this has helped. Have you heard people talk about - Giyoe Fonogan Builder - (do a google search ) ? Ive heard some awesome things about it and my mate got excellent results with it.",positive,Joy,0
me seeing everyone else commenting 2 days ago even though this is 5 years oldğŸ‘€,neutral,Neutral,-2
SO Tiger woods will not be great again until he gets a trainer like his father! That 's what I got out of this video! Thank you so much for the interesting presentation. Harold,neutral,Neutral,-2
"""Anyone who has never made a mistake has never tried anything new.""
 -- Albert Einstein",neutral,Neutral,-2
I'm so stressed out over this and I'm not even an American ğŸ˜‚ğŸ˜†,negative,Joy,0
"Twitter has just blocked Donald Trump, this is all very very suspicious.",negative,Anger,0
So basically whoever wins Michigan is president,neutral,Neutral,-2
"Riveting news â€œIf Biden gets more states and votes he wins White House, BUT if Trump gets the votes, Trump keeps the Whitehouseâ€. I never thought of it that way. ğŸ˜‚ğŸ™„",neutral,Joy,0
"i just feel, the US election system is weird",negative,Anger,0
This is just a sad and tragic game,negative,Sad,0
"I am watching from Kenya, I have not slept for 2 days... and my stomach ""cuts"" me when i see the results change..",negative,Sad,0
"Wisconsin Trump leading 100,000+ and in an hour counting 200,000 ballots and 160,000 for biden??? what a heck",negative,Anger,0
The American election are Strange and too stressful,negative,Anger,0
"Here I am, watching all this unfold, waiting to see who wins as if I'm an American. Even sports doesn't get me this eager!",neutral,Neutral,-2
if sleepy JOE wins...america is doomed . and the chinese laughing,negative,Anger,0
Wisconsin or Michigan Pennsylvania or Wisconsin that's ballgame trump,neutral,Neutral,-2
Am in Finland and this thing is stressing me outğŸ¤¦ğŸ¾â€â™‚ï¸,negative,Anger,0
This is ridiculously close. its almost a repeat of 2000,negative,Anger,0
"God,give the U.S a leader with pure heart and a God fearing attitude.",positive,Joy,0
How many tickets our Australia state have for vote USA president?,neutral,Neutral,-2
â€œThose who vote decide nothing. Those who count the vote decide everything.â€ â€• Joseph Stalin,neutral,Neutral,-2
I am not even an American but i have been watching the news not stop. I think we non American are more stressed out then Americans LMAO,negative,Sad,0
The American people are taking THEIR country back from the enemy within. Cheap gold bought.,neutral,Neutral,-2
They are cheating in Wisconsin. We could be done,negative,Anger,0
#TRUMP2020 . The media BASHED the orange man for 4 years straight and look how close the race is. The media lost ALL credibility with the American people,negative,Anger,0
THE WORLD IS WITNESSING HOW DEMOCRATS ARE TRYING TO STEAL THE ELECTION,negative,Anger,0
What aload of bs the world loves trump and knows Biden sniffs welllllll we all know what ğŸ™…ğŸ¼â€â™€ï¸,negative,Anger,0
Clearly there's a fraud going on. By now we should know who is the president.,negative,Neutral,-2
Anyone think this suspenseful dragging on only stands to increase web traffic as well as ratings for us television?,negative,Neutral,-2
SOMETHING STINKS HERE.....!!!!!!!,negative,Anger,0
"Why I am so interested, if I am not American ğŸ˜„",positive,Joy,0
Lmao I'm not even American and I'm stressed af,negative,Sad,0
let God righteousness reign over USA,neutral,Neutral,-2